id_ipress,total_emergencias,ubigeo,departamento
1,15358.0,160101,LORETO
3,8156.0,160108,LORETO
7,7709.0,160101,LORETO
66,851.0,160107,LORETO
161,321.0,160605,LORETO
185,7183.0,160606,LORETO
191,1071.0,160205,LORETO
192,2388.0,160205,LORETO
193,3206.0,160206,LORETO
194,42.0,160206,LORETO
195,2.0,160206,LORETO
196,404.0,160206,LORETO
197,566.0,160206,LORETO
199,2.0,160206,LORETO
200,92.0,160206,LORETO
201,144.0,160206,LORETO
202,1026.0,160210,LORETO
204,469.0,160210,LORETO
205,386.0,160210,LORETO
210,11004.0,160201,LORETO
211,15.0,160201,LORETO
213,2.0,160201,LORETO
214,2306.0,160201,LORETO
219,988.0,160201,LORETO
220,469.0,160201,LORETO
226,992.0,160201,LORETO
227,934.0,160201,LORETO
232,2731.0,160201,LORETO
308,3028.0,120301,JUNIN
311,1.0,120301,JUNIN
314,15.0,120304,JUNIN
315,14.0,120304,JUNIN
316,2.0,120304,JUNIN
317,4.0,120504,JUNIN
318,963.0,120302,JUNIN
319,11.0,120302,JUNIN
320,419.0,120302,JUNIN
321,20.0,120302,JUNIN
325,1.0,120302,JUNIN
330,57.0,120302,JUNIN
336,2.0,120304,JUNIN
340,3981.0,120303,JUNIN
354,2379.0,120305,JUNIN
365,5459.0,120401,JUNIN
432,6475.0,120601,JUNIN
434,1171.0,120604,JUNIN
439,6.0,120604,JUNIN
442,3245.0,120606,JUNIN
490,3.0,120603,JUNIN
519,390.0,120501,JUNIN
520,2648.0,120701,JUNIN
521,527.0,120702,JUNIN
542,184.0,120704,JUNIN
608,923.0,120107,JUNIN
611,36.0,120107,JUNIN
612,1.0,120111,JUNIN
620,28.0,120119,JUNIN
629,51.0,120133,JUNIN
630,1.0,120133,JUNIN
671,1062.0,120201,JUNIN
705,725.0,120114,JUNIN
727,31233.0,120101,JUNIN
728,7765.0,120101,JUNIN
753,10304.0,120101,JUNIN
754,9291.0,100101,HUANUCO
755,1607.0,100102,HUANUCO
756,1444.0,100102,HUANUCO
802,75.0,101001,HUANUCO
804,7.0,101003,HUANUCO
810,181.0,101001,HUANUCO
845,17.0,100313,HUANUCO
850,4.0,100307,HUANUCO
851,5.0,100307,HUANUCO
853,1.0,100307,HUANUCO
887,572.0,100501,HUANUCO
932,7026.0,100605,HUANUCO
979,3688.0,190113,PASCO
980,827.0,190301,PASCO
981,1542.0,190307,PASCO
995,71.0,190206,PASCO
1009,49.0,190101,PASCO
1026,251.0,190103,PASCO
1037,6.0,190110,PASCO
1051,34.0,190104,PASCO
1064,4.0,190111,PASCO
1081,34.0,190302,PASCO
1085,12.0,190301,PASCO
1087,1.0,190301,PASCO
1088,8.0,190301,PASCO
1089,35.0,190301,PASCO
1090,3.0,190301,PASCO
1091,32.0,190301,PASCO
1092,3.0,190301,PASCO
1093,162.0,190305,PASCO
1108,1736.0,190107,PASCO
1118,369.0,190308,PASCO
1133,24.0,190304,PASCO
1156,224.0,190306,PASCO
1180,52.0,190307,PASCO
1181,8.0,190307,PASCO
1183,5.0,190307,PASCO
1184,2.0,190307,PASCO
1207,1.0,190207,PASCO
1218,425.0,190201,PASCO
1231,13151.0,040101,AREQUIPA
1232,11741.0,040101,AREQUIPA
1237,138.0,040104,AREQUIPA
1259,3846.0,040107,AREQUIPA
1292,686.0,040110,AREQUIPA
1294,889.0,040109,AREQUIPA
1296,439.0,040112,AREQUIPA
1325,1130.0,040520,AREQUIPA
1344,4556.0,040201,AREQUIPA
1352,947.0,040302,AREQUIPA
1373,61.0,040310,AREQUIPA
1374,25.0,040305,AREQUIPA
1375,11.0,040313,AREQUIPA
1376,2.0,040311,AREQUIPA
1382,1119.0,040401,AREQUIPA
1388,171.0,040601,AREQUIPA
1419,701.0,040501,AREQUIPA
1443,84.0,040704,AREQUIPA
1445,203.0,040702,AREQUIPA
1446,222.0,040706,AREQUIPA
1449,8.0,040703,AREQUIPA
1472,1341.0,021701,ANCASH
1490,34.0,020507,ANCASH
1493,127.0,020501,ANCASH
1507,56.0,020508,ANCASH
1508,74.0,020201,ANCASH
1511,12.0,020202,ANCASH
1512,1.0,020203,ANCASH
1513,8.0,020204,ANCASH
1514,1.0,020204,ANCASH
1515,4.0,020205,ANCASH
1516,3140.0,020601,ANCASH
1534,110.0,020606,ANCASH
1540,404.0,020401,ANCASH
1543,10878.0,020101,ANCASH
1587,2731.0,021201,ANCASH
1633,2570.0,022001,ANCASH
1652,21327.0,021801,ANCASH
1659,248.0,021801,ANCASH
1703,15293.0,021809,ANCASH
1719,6705.0,020801,ANCASH
1741,5420.0,021101,ANCASH
1754,1512.0,021905,ANCASH
1765,511.0,021601,ANCASH
1771,1640.0,021601,ANCASH
1775,22157.0,021603,ANCASH
1776,492.0,021603,ANCASH
1777,1952.0,021603,ANCASH
1778,651.0,021603,ANCASH
1779,1926.0,021603,ANCASH
1780,1798.0,021603,ANCASH
1781,33590.0,021604,ANCASH
1782,677.0,021604,ANCASH
1783,58.0,021301,ANCASH
1786,2.0,021303,ANCASH
1788,14.0,021305,ANCASH
1792,49.0,021308,ANCASH
1793,8.0,021304,ANCASH
1795,615.0,021901,ANCASH
1799,3176.0,021902,ANCASH
1800,1030.0,021905,ANCASH
1805,1682.0,021903,ANCASH
1806,4530.0,021907,ANCASH
1807,11466.0,021907,ANCASH
1813,1079.0,021001,ANCASH
1819,192.0,021014,ANCASH
1824,300.0,021004,ANCASH
1856,11791.0,020701,ANCASH
1857,3981.0,020701,ANCASH
1858,819.0,020701,ANCASH
1859,3295.0,020701,ANCASH
1860,2588.0,020701,ANCASH
1861,5255.0,020703,ANCASH
1862,2012.0,020703,ANCASH
1863,2477.0,020702,ANCASH
1864,1012.0,020702,ANCASH
1865,591.0,020702,ANCASH
1866,524.0,240102,TUMBES
1868,1.0,240102,TUMBES
1869,1.0,240103,TUMBES
1885,841.0,240302,TUMBES
1891,175.0,240304,TUMBES
1895,3.0,240304,TUMBES
1896,92.0,240301,TUMBES
1900,1093.0,240201,TUMBES
1902,1.0,240203,TUMBES
1910,6369.0,200601,PIURA
2001,44699.0,200602,PIURA
2021,4431.0,200501,PIURA
2074,4581.0,200701,PIURA
2084,5907.0,200115,PIURA
2086,1550.0,200101,PIURA
2092,1485.0,200101,PIURA
2112,2004.0,200105,PIURA
2132,2344.0,200110,PIURA
2143,57.0,200801,PIURA
2159,19824.0,200803,PIURA
2161,11315.0,200401,PIURA
2222,68.0,200406,PIURA
2245,909.0,200306,PIURA
2289,12453.0,080101,CUSCO
2305,5823.0,080106,CUSCO
2306,3.0,080106,CUSCO
2310,1.0,080106,CUSCO
2315,8.0,080108,CUSCO
2316,17.0,080108,CUSCO
2326,82.0,080301,CUSCO
2336,18.0,080306,CUSCO
2341,42.0,080401,CUSCO
2348,3.0,080405,CUSCO
2355,35.0,080408,CUSCO
2378,2802.0,080601,CUSCO
2398,1076.0,080701,CUSCO
2421,13304.0,080901,CUSCO
2469,1744.0,080907,CUSCO
2540,71.0,081301,CUSCO
2543,5.0,081302,CUSCO
2546,11.0,081304,CUSCO
2548,20.0,081305,CUSCO
2549,3.0,081306,CUSCO
2565,1276.0,030413,APURIMAC
2566,1641.0,030402,APURIMAC
2567,1995.0,030402,APURIMAC
2568,1978.0,030403,APURIMAC
2570,10269.0,030404,APURIMAC
2571,1799.0,030404,APURIMAC
2572,1785.0,030404,APURIMAC
2573,963.0,030404,APURIMAC
2574,1554.0,030405,APURIMAC
2575,4071.0,030406,APURIMAC
2576,1426.0,030406,APURIMAC
2577,1464.0,030406,APURIMAC
2578,999.0,030407,APURIMAC
2579,1177.0,030407,APURIMAC
2580,2041.0,030408,APURIMAC
2581,2683.0,030409,APURIMAC
2584,747.0,030410,APURIMAC
2585,2048.0,030412,APURIMAC
2587,3389.0,030414,APURIMAC
2588,4457.0,030415,APURIMAC
2589,1564.0,030415,APURIMAC
2590,2941.0,030416,APURIMAC
2591,901.0,030417,APURIMAC
2592,5510.0,030417,APURIMAC
2593,1704.0,030403,APURIMAC
2625,8149.0,030501,APURIMAC
2686,3581.0,030406,APURIMAC
2687,3271.0,030411,APURIMAC
2688,673.0,030406,APURIMAC
2698,6183.0,170101,MADRE DE DIOS
2793,615.0,170302,MADRE DE DIOS
2818,4259.0,180301,MOQUEGUA
2864,8373.0,230101,TACNA
2883,5396.0,230102,TACNA
2885,6355.0,230104,TACNA
2888,9108.0,230110,TACNA
2941,1043.0,210201,PUNO
2964,4.0,210302,PUNO
2965,23.0,210303,PUNO
2974,5.0,210301,PUNO
2977,40.0,210308,PUNO
2981,61.0,210309,PUNO
2985,6203.0,210402,PUNO
2990,741.0,210401,PUNO
3032,1209.0,210501,PUNO
3068,608.0,210601,PUNO
3085,2236.0,210608,PUNO
3128,698.0,210701,PUNO
3199,181.0,210102,PUNO
3251,5684.0,210101,PUNO
3299,6206.0,211101,PUNO
3335,560.0,211201,PUNO
3349,884.0,211301,PUNO
3358,23132.0,110101,ICA
3359,15172.0,110101,ICA
3414,17340.0,110201,ICA
3443,7662.0,110301,ICA
3458,2822.0,110401,ICA
3472,15676.0,110501,ICA
3494,571.0,050201,AYACUCHO
3502,10.0,050202,AYACUCHO
3507,28.0,050203,AYACUCHO
3509,7.0,050204,AYACUCHO
3523,961.0,050701,AYACUCHO
3546,1.0,050102,AYACUCHO
3576,3925.0,050101,AYACUCHO
3598,1046.0,050110,AYACUCHO
3600,27.0,050110,AYACUCHO
3603,26.0,050116,AYACUCHO
3655,1485.0,050401,AYACUCHO
3701,496.0,050801,AYACUCHO
3727,1163.0,050601,AYACUCHO
3749,14165.0,050509,AYACUCHO
3750,10157.0,050513,AYACUCHO
3751,1977.0,050509,AYACUCHO
3754,712.0,050503,AYACUCHO
3755,33.0,050503,AYACUCHO
3770,574.0,050407,AYACUCHO
3792,36888.0,050501,AYACUCHO
3808,125.0,050901,AYACUCHO
3818,12.0,050911,AYACUCHO
3824,12.0,051005,AYACUCHO
3829,1.0,051010,AYACUCHO
3834,50.0,051001,AYACUCHO
3853,2423.0,090101,HUANCAVELICA
3854,201.0,090118,HUANCAVELICA
3859,26200.0,090101,HUANCAVELICA
3860,1089.0,090101,HUANCAVELICA
3861,18.0,090101,HUANCAVELICA
3873,445.0,090103,HUANCAVELICA
3879,146.0,090117,HUANCAVELICA
3880,9.0,090117,HUANCAVELICA
3881,798.0,090117,HUANCAVELICA
3885,3.0,090117,HUANCAVELICA
3889,14.0,090108,HUANCAVELICA
3894,116.0,090719,HUANCAVELICA
3899,45.0,090119,HUANCAVELICA
3904,1.0,090104,HUANCAVELICA
3910,6.0,090102,HUANCAVELICA
3912,1.0,090102,HUANCAVELICA
3913,1.0,090102,HUANCAVELICA
3916,4.0,090110,HUANCAVELICA
3917,528.0,090201,HUANCAVELICA
3918,2.0,090201,HUANCAVELICA
3923,5.0,090207,HUANCAVELICA
3924,3.0,090207,HUANCAVELICA
3926,393.0,090204,HUANCAVELICA
3927,111.0,090204,HUANCAVELICA
3928,152.0,090205,HUANCAVELICA
3929,48.0,090205,HUANCAVELICA
3930,110.0,090206,HUANCAVELICA
3931,3.0,090206,HUANCAVELICA
3937,3.0,090208,HUANCAVELICA
3938,1.0,090208,HUANCAVELICA
3943,446.0,090301,HUANCAVELICA
3945,148.0,090301,HUANCAVELICA
3946,67.0,090301,HUANCAVELICA
3947,42.0,090301,HUANCAVELICA
3948,28.0,090301,HUANCAVELICA
3951,22.0,090301,HUANCAVELICA
3952,71.0,090303,HUANCAVELICA
3953,109.0,090307,HUANCAVELICA
3954,27.0,090308,HUANCAVELICA
3955,27.0,090304,HUANCAVELICA
3957,11.0,090304,HUANCAVELICA
3958,67.0,090302,HUANCAVELICA
3959,140.0,090302,HUANCAVELICA
3960,2.0,090302,HUANCAVELICA
3963,3.0,090305,HUANCAVELICA
3965,6.0,090310,HUANCAVELICA
3966,6.0,090310,HUANCAVELICA
3967,1.0,090311,HUANCAVELICA
3968,1.0,090311,HUANCAVELICA
3969,49.0,090312,HUANCAVELICA
3970,1.0,090312,HUANCAVELICA
3971,24.0,090312,HUANCAVELICA
3972,2.0,090306,HUANCAVELICA
3973,23.0,090306,HUANCAVELICA
3974,5.0,090306,HUANCAVELICA
3977,7.0,090501,HUANCAVELICA
3979,13.0,090506,HUANCAVELICA
3980,3.0,090506,HUANCAVELICA
3981,96.0,090508,HUANCAVELICA
3982,48.0,090508,HUANCAVELICA
3984,27.0,090502,HUANCAVELICA
3987,79.0,090504,HUANCAVELICA
3988,2.0,090504,HUANCAVELICA
3989,58.0,090507,HUANCAVELICA
3996,16.0,090509,HUANCAVELICA
4002,14.0,090401,HUANCAVELICA
4003,3.0,090401,HUANCAVELICA
4004,96.0,090401,HUANCAVELICA
4005,3.0,090401,HUANCAVELICA
4008,8.0,090411,HUANCAVELICA
4012,9.0,090413,HUANCAVELICA
4013,2.0,090413,HUANCAVELICA
4015,6.0,090409,HUANCAVELICA
4016,5.0,090409,HUANCAVELICA
4024,20.0,090407,HUANCAVELICA
4025,24.0,090407,HUANCAVELICA
4026,7.0,090407,HUANCAVELICA
4029,2.0,090404,HUANCAVELICA
4030,8.0,090412,HUANCAVELICA
4036,2.0,090601,HUANCAVELICA
4042,12.0,090607,HUANCAVELICA
4074,1707.0,090701,HUANCAVELICA
4076,3.0,090701,HUANCAVELICA
4077,16.0,090703,HUANCAVELICA
4078,1.0,090703,HUANCAVELICA
4080,3.0,090704,HUANCAVELICA
4083,119.0,090706,HUANCAVELICA
4086,11.0,090714,HUANCAVELICA
4087,7.0,090714,HUANCAVELICA
4088,1.0,090714,HUANCAVELICA
4089,2.0,090713,HUANCAVELICA
4090,394.0,090705,HUANCAVELICA
4091,25.0,090720,HUANCAVELICA
4094,1.0,090705,HUANCAVELICA
4095,4.0,090705,HUANCAVELICA
4098,6.0,090702,HUANCAVELICA
4104,35.0,090711,HUANCAVELICA
4105,66.0,090711,HUANCAVELICA
4108,6.0,090711,HUANCAVELICA
4109,6.0,090709,HUANCAVELICA
4111,15.0,090722,HUANCAVELICA
4112,2.0,090709,HUANCAVELICA
4115,14.0,090112,HUANCAVELICA
4116,1.0,090112,HUANCAVELICA
4118,3.0,090115,HUANCAVELICA
4119,2.0,090116,HUANCAVELICA
4122,17.0,090716,HUANCAVELICA
4123,8.0,090716,HUANCAVELICA
4126,2.0,090715,HUANCAVELICA
4127,2.0,090715,HUANCAVELICA
4128,79.0,090717,HUANCAVELICA
4129,18.0,090707,HUANCAVELICA
4130,3.0,090724,HUANCAVELICA
4131,3763.0,030201,APURIMAC
4137,499.0,030602,APURIMAC
4140,749.0,030601,APURIMAC
4210,4195.0,060801,CAJAMARCA
4211,1805.0,060801,CAJAMARCA
4212,1383.0,060801,CAJAMARCA
4213,15.0,060801,CAJAMARCA
4215,14.0,060801,CAJAMARCA
4216,3.0,060801,CAJAMARCA
4218,4.0,060801,CAJAMARCA
4219,17.0,060801,CAJAMARCA
4223,663.0,060802,CAJAMARCA
4225,18.0,060802,CAJAMARCA
4226,23.0,060802,CAJAMARCA
4227,3.0,060802,CAJAMARCA
4232,48.0,060803,CAJAMARCA
4233,23.0,060803,CAJAMARCA
4234,26.0,060803,CAJAMARCA
4235,5.0,060803,CAJAMARCA
4236,33.0,060804,CAJAMARCA
4237,18.0,060804,CAJAMARCA
4238,6.0,060804,CAJAMARCA
4239,14.0,060804,CAJAMARCA
4242,2.0,060805,CAJAMARCA
4245,11.0,060806,CAJAMARCA
4246,6.0,060806,CAJAMARCA
4247,46.0,060807,CAJAMARCA
4248,30.0,060807,CAJAMARCA
4249,475.0,060808,CAJAMARCA
4250,32.0,060809,CAJAMARCA
4251,3.0,060809,CAJAMARCA
4252,2.0,060809,CAJAMARCA
4253,8.0,060809,CAJAMARCA
4254,7.0,060810,CAJAMARCA
4255,3.0,060810,CAJAMARCA
4256,62.0,060811,CAJAMARCA
4257,11.0,060811,CAJAMARCA
4258,10.0,060811,CAJAMARCA
4259,1.0,060811,CAJAMARCA
4260,42.0,060811,CAJAMARCA
4261,38.0,060812,CAJAMARCA
4262,42.0,060812,CAJAMARCA
4263,4.0,060812,CAJAMARCA
4264,29.0,060812,CAJAMARCA
4266,29.0,060812,CAJAMARCA
4267,1557.0,060901,CAJAMARCA
4288,22.0,060904,CAJAMARCA
4290,18.0,060904,CAJAMARCA
4292,4.0,060904,CAJAMARCA
4311,25.0,060907,CAJAMARCA
4312,7.0,060907,CAJAMARCA
4313,32.0,060907,CAJAMARCA
4314,15.0,060907,CAJAMARCA
4315,9.0,060907,CAJAMARCA
4316,18.0,060907,CAJAMARCA
4317,24350.0,140101,LAMBAYEQUE
4321,14931.0,140101,LAMBAYEQUE
4325,311.0,140102,LAMBAYEQUE
4338,12440.0,140112,LAMBAYEQUE
4342,1445.0,140113,LAMBAYEQUE
4370,4679.0,140301,LAMBAYEQUE
4452,3822.0,140206,LAMBAYEQUE
4466,1753.0,060301,CAJAMARCA
4481,3.0,060312,CAJAMARCA
4489,2.0,061005,CAJAMARCA
4494,17.0,061006,CAJAMARCA
4495,9.0,061007,CAJAMARCA
4496,4.0,061007,CAJAMARCA
4497,5.0,061007,CAJAMARCA
4498,1.0,061007,CAJAMARCA
4500,181.0,061007,CAJAMARCA
4501,1457.0,061001,CAJAMARCA
4508,2.0,061004,CAJAMARCA
4509,1.0,061001,CAJAMARCA
4511,1675.0,060201,CAJAMARCA
4538,200.0,060502,CAJAMARCA
4547,194.0,060501,CAJAMARCA
4561,108.0,061101,CAJAMARCA
4577,105.0,061201,CAJAMARCA
4587,320.0,060508,CAJAMARCA
4593,950.0,060108,CAJAMARCA
4618,3.0,060101,CAJAMARCA
4620,23.0,060101,CAJAMARCA
4623,2.0,060102,CAJAMARCA
4624,4.0,060102,CAJAMARCA
4625,62.0,060102,CAJAMARCA
4626,4.0,060104,CAJAMARCA
4627,20.0,060104,CAJAMARCA
4629,5.0,060109,CAJAMARCA
4633,7.0,060112,CAJAMARCA
4634,28.0,060109,CAJAMARCA
4636,3.0,060106,CAJAMARCA
4638,2.0,060106,CAJAMARCA
4639,8.0,060106,CAJAMARCA
4640,555.0,060101,CAJAMARCA
4645,34.0,060101,CAJAMARCA
4646,42.0,060106,CAJAMARCA
4652,6.0,060101,CAJAMARCA
4653,104.0,060103,CAJAMARCA
4654,7.0,060101,CAJAMARCA
4655,7414.0,060101,CAJAMARCA
4656,2.0,060101,CAJAMARCA
4657,1136.0,060101,CAJAMARCA
4659,3904.0,060401,CAJAMARCA
4682,10563.0,060410,CAJAMARCA
4683,1125.0,060410,CAJAMARCA
4684,620.0,060410,CAJAMARCA
4685,329.0,060410,CAJAMARCA
4686,1687.0,060410,CAJAMARCA
4687,1420.0,060410,CAJAMARCA
4688,1880.0,060410,CAJAMARCA
4689,1557.0,060410,CAJAMARCA
4690,713.0,060410,CAJAMARCA
4691,346.0,060410,CAJAMARCA
4742,7860.0,060417,CAJAMARCA
4744,1030.0,060417,CAJAMARCA
4745,2231.0,060417,CAJAMARCA
4746,716.0,060417,CAJAMARCA
4747,871.0,060417,CAJAMARCA
4750,1828.0,060402,CAJAMARCA
4751,1093.0,060402,CAJAMARCA
4752,942.0,060402,CAJAMARCA
4753,691.0,060402,CAJAMARCA
4754,568.0,060402,CAJAMARCA
4782,1624.0,060701,CAJAMARCA
4802,5.0,060702,CAJAMARCA
4838,2853.0,010101,AMAZONAS
4922,687.0,010307,AMAZONAS
4950,993.0,010601,AMAZONAS
4981,2413.0,060601,CAJAMARCA
5006,52.0,060607,CAJAMARCA
5044,517.0,010201,AMAZONAS
5112,4.0,010703,AMAZONAS
5125,2972.0,010701,AMAZONAS
5145,1102.0,010401,AMAZONAS
5195,9614.0,130101,LA LIBERTAD
5196,9197.0,130101,LA LIBERTAD
5197,2668.0,130101,LA LIBERTAD
5204,2595.0,130101,LA LIBERTAD
5209,3608.0,130102,LA LIBERTAD
5217,2682.0,130103,LA LIBERTAD
5220,2145.0,130112,LA LIBERTAD
5221,2022.0,130104,LA LIBERTAD
5226,3212.0,130105,LA LIBERTAD
5231,2584.0,130106,LA LIBERTAD
5234,16.0,130107,LA LIBERTAD
5243,2080.0,130111,LA LIBERTAD
5251,869.0,131201,LA LIBERTAD
5258,948.0,131202,LA LIBERTAD
5264,483.0,130202,LA LIBERTAD
5269,223.0,130205,LA LIBERTAD
5277,1131.0,131101,LA LIBERTAD
5289,584.0,130701,LA LIBERTAD
5292,2300.0,130702,LA LIBERTAD
5299,5736.0,130401,LA LIBERTAD
5301,34.0,130402,LA LIBERTAD
5302,90.0,130402,LA LIBERTAD
5303,182.0,130403,LA LIBERTAD
5306,452.0,130501,LA LIBERTAD
5308,5.0,130502,LA LIBERTAD
5312,5.0,130504,LA LIBERTAD
5314,977.0,130601,LA LIBERTAD
5332,987.0,131001,LA LIBERTAD
5349,3886.0,130901,LA LIBERTAD
5350,2.0,130901,LA LIBERTAD
5355,3.0,130901,LA LIBERTAD
5366,73.0,130301,LA LIBERTAD
5395,49.0,250301,UCAYALI
5415,225.0,250304,UCAYALI
5416,2.0,250305,UCAYALI
5422,39.0,250303,UCAYALI
5426,41.0,250102,UCAYALI
5443,11.0,250106,UCAYALI
5451,22.0,250107,UCAYALI
5461,7.0,250101,UCAYALI
5469,9.0,250104,UCAYALI
5472,12.0,250104,UCAYALI
5486,8.0,250103,UCAYALI
5487,3.0,250103,UCAYALI
5491,11.0,250103,UCAYALI
5499,5.0,250103,UCAYALI
5502,1.0,250201,UCAYALI
5539,536.0,250105,UCAYALI
5551,3943.0,250107,UCAYALI
5552,2.0,250101,UCAYALI
5553,5.0,250107,UCAYALI
5556,1705.0,250101,UCAYALI
5558,104.0,250101,UCAYALI
5560,164.0,250101,UCAYALI
5563,122.0,250107,UCAYALI
5565,98.0,250101,UCAYALI
5566,116.0,250105,UCAYALI
5568,189.0,250101,UCAYALI
5576,9701.0,250101,UCAYALI
5577,6581.0,250105,UCAYALI
5617,38796.0,150132,LIMA
5644,2740.0,150128,LIMA
5657,97.0,150906,LIMA
5659,3.0,150901,LIMA
5673,25.0,150812,LIMA
5680,7.0,150802,LIMA
5682,43.0,150806,LIMA
5735,2193.0,150106,LIMA
5742,2108.0,150135,LIMA
5755,1500.0,150110,LIMA
5772,3072.0,150110,LIMA
5774,5.0,150811,LIMA
5780,154.0,150811,LIMA
5791,7523.0,150112,LIMA
5799,5197.0,150117,LIMA
5814,4194.0,150102,LIMA
5816,2335.0,150125,LIMA
5817,2578.0,150125,LIMA
5821,2578.0,150125,LIMA
5842,1680.0,150128,LIMA
5850,805.0,150701,LIMA
5883,12647.0,150103,LIMA
5946,16682.0,150111,LIMA
5947,15834.0,150118,LIMA
5948,1824.0,150137,LIMA
5950,29.0,150714,LIMA
5987,24162.0,150133,LIMA
5998,1821.0,150108,LIMA
6018,66.0,150511,LIMA
6034,1692.0,150512,LIMA
6088,3846.0,150129,LIMA
6104,805.0,150133,LIMA
6107,8296.0,150133,LIMA
6124,7724.0,150142,LIMA
6206,107943.0,150101,LIMA
6207,21417.0,150101,LIMA
6208,8061.0,150101,LIMA
6209,1924.0,150101,LIMA
6210,6749.0,150141,LIMA
6211,18606.0,150121,LIMA
6212,15350.0,150115,LIMA
6213,21234.0,150122,LIMA
6214,1713.0,150120,LIMA
6215,8458.0,150101,LIMA
6216,15518.0,150105,LIMA
6217,3995.0,150101,LIMA
6218,25160.0,070102,CALLAO
6219,20874.0,070103,CALLAO
6228,1655.0,070101,CALLAO
6230,1853.0,070101,CALLAO
6233,1.0,070101,CALLAO
6238,4022.0,070101,CALLAO
6239,83.0,070101,CALLAO
6245,13.0,070101,CALLAO
6249,2997.0,070102,CALLAO
6256,1109.0,070106,CALLAO
6260,2812.0,070107,CALLAO
6266,3.0,070106,CALLAO
6267,1.0,070106,CALLAO
6270,601.0,220801,SAN MARTIN
6275,12.0,220808,SAN MARTIN
6277,836.0,220803,SAN MARTIN
6281,93.0,220809,SAN MARTIN
6282,34.0,220101,SAN MARTIN
6283,1859.0,220804,SAN MARTIN
6290,11.0,220807,SAN MARTIN
6291,14.0,220101,SAN MARTIN
6294,1.0,220807,SAN MARTIN
6297,585.0,220802,SAN MARTIN
6298,3.0,220802,SAN MARTIN
6300,129.0,220804,SAN MARTIN
6301,36.0,220804,SAN MARTIN
6303,432.0,220805,SAN MARTIN
6304,1.0,220805,SAN MARTIN
6305,5.0,220805,SAN MARTIN
6312,1480.0,220101,SAN MARTIN
6313,12.0,220101,SAN MARTIN
6315,39.0,220101,SAN MARTIN
6318,264.0,220106,SAN MARTIN
6319,8.0,220101,SAN MARTIN
6320,3.0,220101,SAN MARTIN
6321,38.0,220101,SAN MARTIN
6322,414.0,220101,SAN MARTIN
6324,1.0,220101,SAN MARTIN
6325,2.0,220101,SAN MARTIN
6326,881.0,220102,SAN MARTIN
6327,67.0,220103,SAN MARTIN
6329,10.0,220104,SAN MARTIN
6330,7.0,220101,SAN MARTIN
6331,17.0,220102,SAN MARTIN
6332,559.0,220105,SAN MARTIN
6334,4.0,220105,SAN MARTIN
6337,183.0,220104,SAN MARTIN
6338,23.0,220104,SAN MARTIN
6339,21.0,220104,SAN MARTIN
6340,28.0,220104,SAN MARTIN
6341,320.0,220104,SAN MARTIN
6346,15.0,220104,SAN MARTIN
6349,31.0,220104,SAN MARTIN
6350,151.0,220502,SAN MARTIN
6352,2301.0,220501,SAN MARTIN
6359,5567.0,220909,SAN MARTIN
6361,1866.0,220910,SAN MARTIN
6362,298.0,220901,SAN MARTIN
6363,8.0,220901,SAN MARTIN
6368,4.0,220909,SAN MARTIN
6370,5.0,220901,SAN MARTIN
6371,36.0,220901,SAN MARTIN
6373,14.0,220901,SAN MARTIN
6374,25.0,220908,SAN MARTIN
6375,6.0,220914,SAN MARTIN
6380,342.0,220913,SAN MARTIN
6384,15.0,220912,SAN MARTIN
6395,35.0,220903,SAN MARTIN
6396,192.0,220505,SAN MARTIN
6408,840.0,220510,SAN MARTIN
6415,232.0,220504,SAN MARTIN
6418,75.0,220504,SAN MARTIN
6423,125.0,220904,SAN MARTIN
6432,178.0,220503,SAN MARTIN
6437,100.0,220907,SAN MARTIN
6449,125.0,220911,SAN MARTIN
6457,852.0,220701,SAN MARTIN
6462,24.0,220705,SAN MARTIN
6463,31.0,220702,SAN MARTIN
6467,76.0,220710,SAN MARTIN
6470,176.0,220707,SAN MARTIN
6471,154.0,220703,SAN MARTIN
6475,21.0,220709,SAN MARTIN
6477,10.0,220708,SAN MARTIN
6485,842.0,220301,SAN MARTIN
6492,176.0,220303,SAN MARTIN
6493,4.0,220305,SAN MARTIN
6497,2.0,220304,SAN MARTIN
6499,36.0,220205,SAN MARTIN
6502,4866.0,220201,SAN MARTIN
6506,111.0,220205,SAN MARTIN
6508,29.0,220205,SAN MARTIN
6509,2.0,220205,SAN MARTIN
6519,48.0,220203,SAN MARTIN
6529,1281.0,220401,SAN MARTIN
6530,9.0,220401,SAN MARTIN
6531,6.0,220401,SAN MARTIN
6532,2.0,220401,SAN MARTIN
6533,225.0,220404,SAN MARTIN
6534,12.0,220401,SAN MARTIN
6535,51.0,220401,SAN MARTIN
6536,19.0,220401,SAN MARTIN
6538,143.0,220401,SAN MARTIN
6539,128.0,220402,SAN MARTIN
6540,83.0,220402,SAN MARTIN
6541,34.0,220402,SAN MARTIN
6542,240.0,220403,SAN MARTIN
6543,160.0,220405,SAN MARTIN
6544,110.0,220403,SAN MARTIN
6545,55.0,220404,SAN MARTIN
6567,83.0,220603,SAN MARTIN
6568,14.0,220603,SAN MARTIN
6569,12.0,220603,SAN MARTIN
6570,13.0,220603,SAN MARTIN
6571,22.0,220603,SAN MARTIN
6572,31.0,220604,SAN MARTIN
6573,9.0,220604,SAN MARTIN
6574,11.0,220604,SAN MARTIN
6575,2.0,220602,SAN MARTIN
6580,7567.0,221001,SAN MARTIN
6587,1262.0,221002,SAN MARTIN
6588,128.0,221005,SAN MARTIN
6591,658.0,221002,SAN MARTIN
6594,3.0,221001,SAN MARTIN
6597,2066.0,221003,SAN MARTIN
6599,765.0,221005,SAN MARTIN
6615,4997.0,120101,JUNIN
6623,2261.0,221003,SAN MARTIN
6628,37.0,090718,HUANCAVELICA
6630,14.0,090721,HUANCAVELICA
6631,2374.0,020703,ANCASH
6632,1331.0,020703,ANCASH
6635,7.0,020205,ANCASH
6650,599.0,030416,APURIMAC
6695,163.0,160210,LORETO
6732,4944.0,220801,SAN MARTIN
6733,11885.0,220101,SAN MARTIN
6812,590.0,060417,CAJAMARCA
6821,6.0,090117,HUANCAVELICA
6822,2.0,090117,HUANCAVELICA
6843,813.0,060417,CAJAMARCA
6882,29.0,050110,AYACUCHO
6898,6.0,050101,AYACUCHO
6903,1.0,220803,SAN MARTIN
6918,11917.0,220901,SAN MARTIN
6919,7405.0,220601,SAN MARTIN
6925,550.0,060410,CAJAMARCA
6930,65.0,090302,HUANCAVELICA
7017,6.0,060804,CAJAMARCA
7028,772.0,030415,APURIMAC
7053,10.0,060809,CAJAMARCA
7086,510.0,060410,CAJAMARCA
7092,1254.0,050509,AYACUCHO
7117,503.0,060410,CAJAMARCA
7126,16346.0,070106,CALLAO
7127,401.0,150716,LIMA
7129,1125.0,030412,APURIMAC
7132,4.0,160201,LORETO
7133,1063.0,090117,HUANCAVELICA
7135,2161.0,080801,CUSCO
7152,1347.0,130107,LA LIBERTAD
7168,56.0,060801,CAJAMARCA
7171,2.0,060804,CAJAMARCA
7238,8.0,220104,SAN MARTIN
7247,7.0,130502,LA LIBERTAD
7277,1424.0,130101,LA LIBERTAD
7289,6.0,090707,HUANCAVELICA
7290,6.0,090301,HUANCAVELICA
7294,2.0,090718,HUANCAVELICA
7298,2.0,220803,SAN MARTIN
7301,1.0,090110,HUANCAVELICA
7314,3135.0,070106,CALLAO
7325,386.0,160201,LORETO
7343,1.0,090117,HUANCAVELICA
7344,471.0,030406,APURIMAC
7345,849.0,030416,APURIMAC
7346,920.0,030409,APURIMAC
7385,6.0,090301,HUANCAVELICA
7389,128.0,090204,HUANCAVELICA
7392,1.0,220303,SAN MARTIN
7393,1.0,090722,HUANCAVELICA
7397,748.0,040101,AREQUIPA
7406,1.0,090117,HUANCAVELICA
7414,657.0,030408,APURIMAC
7415,2189.0,030409,APURIMAC
7416,1556.0,030409,APURIMAC
7439,949.0,030402,APURIMAC
7440,1729.0,030413,APURIMAC
7441,709.0,030401,APURIMAC
7442,660.0,030401,APURIMAC
7443,383.0,030406,APURIMAC
7453,281.0,250107,UCAYALI
7632,13871.0,150125,LIMA
7633,24226.0,150135,LIMA
7634,30807.0,150110,LIMA
7635,10208.0,150201,LIMA
7636,3261.0,150204,LIMA
7637,13889.0,150601,LIMA
7638,9009.0,150605,LIMA
7639,16318.0,150801,LIMA
7644,12.0,220303,SAN MARTIN
7686,5281.0,060101,CAJAMARCA
7687,10.0,060805,CAJAMARCA
7688,253.0,030101,APURIMAC
7692,1549.0,030416,APURIMAC
7706,2.0,090715,HUANCAVELICA
7707,7.0,090717,HUANCAVELICA
7719,3734.0,030101,APURIMAC
7732,7227.0,180101,MOQUEGUA
7733,10037.0,150135,LIMA
7734,853.0,150108,LIMA
8012,52.0,220801,SAN MARTIN
8024,3417.0,120114,JUNIN
8108,1283.0,030104,APURIMAC
8151,1192.0,140101,LAMBAYEQUE
8154,50.0,050101,AYACUCHO
8265,35234.0,070102,CALLAO
8266,11819.0,070102,CALLAO
8269,258.0,220901,SAN MARTIN
8271,11631.0,150132,LIMA
8281,1138.0,150101,LIMA
8292,7773.0,150108,LIMA
8317,87589.0,150132,LIMA
8318,17215.0,150137,LIMA
8325,10562.0,150121,LIMA
8351,25.0,150121,LIMA
8353,74704.0,150103,LIMA
8398,11844.0,150131,LIMA
8413,57.0,070102,CALLAO
8438,18737.0,150108,LIMA
8489,39489.0,150122,LIMA
8502,72410.0,150101,LIMA
8514,3094.0,130704,LA LIBERTAD
8516,30.0,120101,JUNIN
8519,5072.0,150110,LIMA
8539,10566.0,150101,LIMA
8564,7785.0,150136,LIMA
8577,12139.0,140101,LAMBAYEQUE
8652,18064.0,120114,JUNIN
8653,2064.0,120808,JUNIN
8654,1961.0,120701,JUNIN
8656,8037.0,120301,JUNIN
8658,1643.0,120607,JUNIN
8660,700.0,120114,JUNIN
8685,22243.0,130101,LA LIBERTAD
8709,4644.0,150140,LIMA
8711,10336.0,150113,LIMA
8720,54315.0,150113,LIMA
8730,85.0,140101,LAMBAYEQUE
8741,30248.0,150142,LIMA
8746,35390.0,150122,LIMA
8750,1352.0,140101,LAMBAYEQUE
8786,1648.0,150134,LIMA
8803,863.0,060417,CAJAMARCA
8825,445.0,030412,APURIMAC
8826,1541.0,030406,APURIMAC
8835,15465.0,140101,LAMBAYEQUE
8858,3901.0,120101,JUNIN
8880,173.0,150101,LIMA
8881,6630.0,150128,LIMA
8956,124.0,150122,LIMA
9010,453.0,150114,LIMA
9037,8818.0,130203,LA LIBERTAD
9038,3390.0,130107,LA LIBERTAD
9040,5738.0,130105,LA LIBERTAD
9041,1168.0,130102,LA LIBERTAD
9042,14189.0,130101,LA LIBERTAD
9043,564.0,130201,LA LIBERTAD
9047,135244.0,021801,ANCASH
9054,24077.0,021809,ANCASH
9055,10038.0,021803,ANCASH
9057,1767.0,020801,ANCASH
9059,2131.0,021101,ANCASH
9066,8017.0,010101,AMAZONAS
9067,2873.0,010701,AMAZONAS
9068,1652.0,010201,AMAZONAS
9090,2746.0,150132,LIMA
9104,654.0,150132,LIMA
9116,34802.0,150113,LIMA
9123,13387.0,150131,LIMA
9132,11956.0,090118,HUANCAVELICA
9141,7794.0,130208,LA LIBERTAD
9144,1182.0,150110,LIMA
9153,11116.0,150114,LIMA
9180,14278.0,100601,HUANUCO
9188,18365.0,150101,LIMA
9201,8.0,021503,ANCASH
9202,9.0,021509,ANCASH
9203,90.0,021901,ANCASH
9215,29836.0,210101,PUNO
9217,143.0,210101,PUNO
9220,16.0,210102,PUNO
9222,3.0,210401,PUNO
9234,2209.0,060101,CAJAMARCA
9250,7642.0,070102,CALLAO
9251,46018.0,150115,LIMA
9273,7.0,020101,ANCASH
9278,2740.0,130103,LA LIBERTAD
9296,17.0,060101,CAJAMARCA
9300,1.0,090101,HUANCAVELICA
9319,5507.0,170101,MADRE DE DIOS
9320,16.0,170101,MADRE DE DIOS
9326,617.0,060410,CAJAMARCA
9409,23397.0,150131,LIMA
9437,2550.0,150131,LIMA
9466,4.0,090103,HUANCAVELICA
9476,23.0,090101,HUANCAVELICA
9591,1963.0,060101,CAJAMARCA
9599,30.0,060101,CAJAMARCA
9600,49131.0,250101,UCAYALI
9627,145.0,110101,ICA
9641,944.0,150117,LIMA
9651,47.0,110501,ICA
9660,409.0,110101,ICA
9682,6973.0,150130,LIMA
9685,195.0,210101,PUNO
9714,1.0,090110,HUANCAVELICA
9720,513.0,160201,LORETO
9747,4056.0,190109,PASCO
9748,1823.0,190301,PASCO
9749,1016.0,190103,PASCO
9751,364.0,190104,PASCO
9760,108.0,190201,PASCO
9762,15.0,190107,PASCO
9850,5275.0,150130,LIMA
9886,15583.0,150130,LIMA
9892,3.0,190301,PASCO
9899,13698.0,211101,PUNO
9900,63.0,210701,PUNO
9917,1.0,070106,CALLAO
9921,850.0,021806,ANCASH
9924,30.0,021501,ANCASH
9925,16.0,021508,ANCASH
9940,69.0,211101,PUNO
9954,5924.0,130401,LA LIBERTAD
9965,2.0,060811,CAJAMARCA
9967,2.0,060809,CAJAMARCA
9988,12027.0,150140,LIMA
9989,13219.0,150140,LIMA
10007,1.0,060801,CAJAMARCA
10014,617.0,080101,CUSCO
10041,42676.0,080108,CUSCO
10060,1518.0,081301,CUSCO
10062,2024.0,080901,CUSCO
10063,2757.0,080601,CUSCO
10098,1334.0,150108,LIMA
10135,14380.0,150114,LIMA
10136,2612.0,060801,CAJAMARCA
10148,5.0,250101,UCAYALI
10182,28872.0,150112,LIMA
10185,77318.0,230103,TACNA
10235,1.0,210101,PUNO
10236,29.0,211101,PUNO
10243,11.0,200104,PIURA
10244,25598.0,200101,PIURA
10251,3569.0,150108,LIMA
10258,1713.0,070101,CALLAO
10267,5999.0,200601,PIURA
10269,68.0,060301,CAJAMARCA
10272,2593.0,060101,CAJAMARCA
10273,14.0,061101,CAJAMARCA
10274,1.0,060508,CAJAMARCA
10276,2.0,060501,CAJAMARCA
10278,8.0,060201,CAJAMARCA
10333,7977.0,150601,LIMA
10394,297.0,150202,LIMA
10429,1557.0,110305,ICA
10464,4688.0,150114,LIMA
10475,3.0,021809,ANCASH
10483,122.0,110401,ICA
10533,103419.0,070101,CALLAO
10536,10689.0,150501,LIMA
10540,45.0,130808,LA LIBERTAD
10559,76.0,110201,ICA
10569,3095.0,150509,LIMA
10571,67158.0,100102,HUANUCO
10581,6448.0,130111,LA LIBERTAD
10603,10322.0,150135,LIMA
10605,203.0,160101,LORETO
10662,2119.0,200104,PIURA
10679,3.0,200104,PIURA
10710,19.0,120101,JUNIN
10723,60.0,200105,PIURA
10736,1253.0,160108,LORETO
10743,14354.0,150121,LIMA
10751,7786.0,150122,LIMA
10764,9.0,250104,UCAYALI
10777,11.0,200601,PIURA
10815,2633.0,211101,PUNO
10821,5.0,060108,CAJAMARCA
10827,337.0,150122,LIMA
10843,17.0,160601,LORETO
10879,863.0,060417,CAJAMARCA
10883,623.0,150801,LIMA
10900,44.0,110101,ICA
10972,221.0,140106,LAMBAYEQUE
10992,464.0,060410,CAJAMARCA
10993,507.0,060417,CAJAMARCA
11009,17243.0,040208,AREQUIPA
11020,15855.0,140112,LAMBAYEQUE
11087,590.0,150101,LIMA
11129,120.0,140101,LAMBAYEQUE
11154,470.0,130101,LA LIBERTAD
11163,1080.0,080101,CUSCO
11189,2.0,090715,HUANCAVELICA
11195,15.0,230101,TACNA
11199,17.0,090306,HUANCAVELICA
11200,39.0,090307,HUANCAVELICA
11201,44.0,090301,HUANCAVELICA
11202,46.0,090301,HUANCAVELICA
11205,11.0,090301,HUANCAVELICA
11206,396.0,090101,HUANCAVELICA
11209,84.0,090103,HUANCAVELICA
11213,23278.0,030101,APURIMAC
11214,13757.0,030201,APURIMAC
11220,53.0,090205,HUANCAVELICA
11225,133.0,090204,HUANCAVELICA
11227,1.0,150107,LIMA
11232,69.0,090205,HUANCAVELICA
11272,91.0,110201,ICA
11337,19638.0,150801,LIMA
11338,2541.0,080108,CUSCO
11339,1054.0,080108,CUSCO
11369,13.0,160113,LORETO
11395,45.0,200701,PIURA
11396,1986.0,200701,PIURA
11398,2.0,110207,ICA
11401,11701.0,150136,LIMA
11408,217.0,160101,LORETO
11409,49501.0,160108,LORETO
11421,3.0,100101,HUANUCO
11438,330.0,050601,AYACUCHO
11448,174.0,040104,AREQUIPA
11454,69.0,090302,HUANCAVELICA
11466,370.0,230101,TACNA
11470,5509.0,140101,LAMBAYEQUE
11485,2.0,120601,JUNIN
11498,23.0,200701,PIURA
11528,23.0,230101,TACNA
11579,4.0,160201,LORETO
11592,408.0,100101,HUANUCO
11702,1176.0,131201,LA LIBERTAD
11720,22.0,200706,PIURA
11733,606.0,200110,PIURA
11737,587.0,160101,LORETO
11743,14.0,080105,CUSCO
11744,5.0,080901,CUSCO
11763,761.0,200501,PIURA
11768,3.0,090311,HUANCAVELICA
11769,74.0,090301,HUANCAVELICA
11773,7.0,190113,PASCO
11775,43527.0,050110,AYACUCHO
11787,1.0,090305,HUANCAVELICA
11794,3233.0,040103,AREQUIPA
11833,4781.0,140101,LAMBAYEQUE
11913,1.0,120301,JUNIN
11967,839.0,110112,ICA
11968,126.0,110111,ICA
11978,436.0,211101,PUNO
12088,18.0,240101,TUMBES
12106,101.0,150117,LIMA
12161,2153.0,080108,CUSCO
12219,159.0,150140,LIMA
12220,17.0,150108,LIMA
12243,8973.0,200701,PIURA
12261,415.0,200601,PIURA
12262,97.0,200601,PIURA
12267,1886.0,150132,LIMA
12272,53607.0,240101,TUMBES
12274,3.0,240103,TUMBES
12275,49.0,150103,LIMA
12301,161.0,130101,LA LIBERTAD
12319,101.0,200105,PIURA
12366,6464.0,150130,LIMA
12449,1992.0,190113,PASCO
12454,10.0,120604,JUNIN
12457,53.0,140101,LAMBAYEQUE
12633,8736.0,150131,LIMA
12666,5261.0,150136,LIMA
12671,2159.0,020105,ANCASH
12739,12.0,150135,LIMA
12740,23.0,150131,LIMA
12761,264.0,060101,CAJAMARCA
12765,20.0,110101,ICA
12807,48.0,060801,CAJAMARCA
12822,3.0,150141,LIMA
12854,2526.0,160101,LORETO
12885,9.0,150141,LIMA
12905,1.0,090717,HUANCAVELICA
12907,8245.0,040126,AREQUIPA
12923,72.0,150125,LIMA
12953,155.0,200104,PIURA
12975,1227.0,150130,LIMA
13042,254.0,200101,PIURA
13058,8.0,060811,CAJAMARCA
13164,69.0,021801,ANCASH
13290,117046.0,040101,AREQUIPA
13291,245740.0,040126,AREQUIPA
13295,28661.0,040701,AREQUIPA
13296,29438.0,040112,AREQUIPA
13297,11485.0,040101,AREQUIPA
13298,1037.0,040122,AREQUIPA
13299,9.0,040401,AREQUIPA
13305,2.0,040108,AREQUIPA
13371,64.0,130101,LA LIBERTAD
13373,1685.0,130101,LA LIBERTAD
13383,54.0,150130,LIMA
13386,397.0,110101,ICA
13494,5751.0,200104,PIURA
13591,15699.0,150113,LIMA
13663,1.0,090707,HUANCAVELICA
13722,6318.0,040101,AREQUIPA
13910,16205.0,110201,ICA
13911,13140.0,110304,ICA
13912,159115.0,110101,ICA
13914,693.0,150128,LIMA
14017,3.0,030201,APURIMAC
14147,58748.0,110501,ICA
14311,39.0,080801,CUSCO
14384,3.0,120302,JUNIN
14385,11.0,120302,JUNIN
14473,844.0,110101,ICA
14501,16960.0,150136,LIMA
14509,5.0,150132,LIMA
14718,673.0,150136,LIMA
15118,2869.0,150140,LIMA
15230,3983.0,200104,PIURA
15266,290.0,060801,CAJAMARCA
15375,408.0,021801,ANCASH
15496,22.0,060101,CAJAMARCA
15598,18969.0,220101,SAN MARTIN
15610,4691.0,150101,LIMA
15657,281.0,160210,LORETO
15684,982.0,150116,LIMA
15730,7896.0,040103,AREQUIPA
15771,12.0,100601,HUANUCO
15835,5.0,220909,SAN MARTIN
15854,2.0,160210,LORETO
15876,6.0,130101,LA LIBERTAD
15968,1283.0,110111,ICA
16005,10.0,150108,LIMA
16037,126.0,080108,CUSCO
16064,28.0,040112,AREQUIPA
16094,3025.0,150128,LIMA
16136,4.0,060805,CAJAMARCA
16148,100.0,200601,PIURA
16153,8681.0,180301,MOQUEGUA
16157,45318.0,180101,MOQUEGUA
16353,4891.0,150125,LIMA
16357,678.0,150112,LIMA
16363,233.0,200104,PIURA
16374,74055.0,110101,ICA
16481,2282.0,220601,SAN MARTIN
16536,45.0,021809,ANCASH
16551,142.0,021801,ANCASH
16552,3149.0,021801,ANCASH
16569,1649.0,020703,ANCASH
16641,2.0,160206,LORETO
16651,263.0,160206,LORETO
16653,2.0,160205,LORETO
16721,5162.0,040520,AREQUIPA
16744,10357.0,040101,AREQUIPA
16794,4477.0,150133,LIMA
16827,281.0,160201,LORETO
16918,4247.0,150130,LIMA
17024,5018.0,150113,LIMA
17075,38.0,021801,ANCASH
17077,9130.0,240101,TUMBES
17369,42.0,060801,CAJAMARCA
17391,15.0,150101,LIMA
17393,1189.0,180106,MOQUEGUA
17468,1.0,150106,LIMA
17493,21.0,110201,ICA
17500,355.0,060601,CAJAMARCA
17563,1482.0,180303,MOQUEGUA
17634,1243.0,150130,LIMA
17685,183.0,160210,LORETO
17695,1949.0,150116,LIMA
17847,21.0,150117,LIMA
17849,7.0,150510,LIMA
17883,308.0,070102,CALLAO
18011,1085.0,150113,LIMA
18118,2.0,060904,CAJAMARCA
18121,2.0,060811,CAJAMARCA
18171,1972.0,150108,LIMA
18230,2563.0,230302,TACNA
18310,7404.0,200101,PIURA
18319,68444.0,070101,CALLAO
18385,110.0,080901,CUSCO
18404,5902.0,130101,LA LIBERTAD
18580,74424.0,150143,LIMA
18584,5353.0,150103,LIMA
18592,8.0,220901,SAN MARTIN
18606,1904.0,220901,SAN MARTIN
18659,799.0,040109,AREQUIPA
18704,227.0,110201,ICA
18985,16749.0,150133,LIMA
19049,16428.0,150122,LIMA
19289,93.0,010704,AMAZONAS
19390,21.0,150129,LIMA
19481,22.0,040109,AREQUIPA
19787,2745.0,150117,LIMA
19839,7.0,150108,LIMA
20274,8688.0,160201,LORETO
20543,416.0,160101,LORETO
20925,3259.0,130105,LA LIBERTAD
20979,1827.0,110201,ICA
21003,1655.0,220801,SAN MARTIN
21412,914.0,130105,LA LIBERTAD
21465,1.0,130809,LA LIBERTAD
21587,13.0,220401,SAN MARTIN
23151,16.0,150117,LIMA
23159,23972.0,150142,LIMA
23301,1031.0,160101,LORETO
23570,78.0,080106,CUSCO
23731,103.0,060801,CAJAMARCA
23733,236.0,220106,SAN MARTIN
24173,83.0,080106,CUSCO
24531,416.0,110102,ICA
24608,138.0,250101,UCAYALI
24692,4.0,060802,CAJAMARCA
24719,20.0,060801,CAJAMARCA
24940,2.0,060809,CAJAMARCA
25061,110.0,140101,LAMBAYEQUE
25160,283.0,110201,ICA
25207,15.0,060801,CAJAMARCA
25208,3256.0,200101,PIURA
25210,1687.0,080105,CUSCO
25303,62.0,100101,HUANUCO
25338,3.0,160205,LORETO
25343,3.0,160205,LORETO
25346,2.0,160206,LORETO
25383,171.0,120114,JUNIN
25598,132.0,150110,LIMA
25776,2.0,120125,JUNIN
25858,36.0,060801,CAJAMARCA
25870,2.0,180301,MOQUEGUA
25970,353.0,120114,JUNIN
25973,415.0,120101,JUNIN
26070,25.0,150501,LIMA
26079,1436.0,250101,UCAYALI
26080,356.0,080901,CUSCO
26163,25.0,220401,SAN MARTIN
26167,183.0,160201,LORETO
26411,1300.0,220901,SAN MARTIN
26706,289.0,140101,LAMBAYEQUE
26774,3.0,160205,LORETO
26935,614.0,130111,LA LIBERTAD
26936,10104.0,150117,LIMA
27002,42.0,220405,SAN MARTIN
27062,2.0,250107,UCAYALI
27173,1422.0,110501,ICA
27214,6215.0,040104,AREQUIPA
27260,326.0,200115,PIURA
27320,3914.0,150131,LIMA
27358,617.0,130101,LA LIBERTAD
27447,115.0,160201,LORETO
27451,267.0,160210,LORETO
27459,26.0,200101,PIURA
27462,1274.0,230101,TACNA
27478,510.0,150133,LIMA
27565,162180.0,150110,LIMA
27694,74.0,120114,JUNIN
27733,9447.0,220901,SAN MARTIN
27857,865.0,120201,JUNIN
28102,1009.0,070102,CALLAO
28133,152.0,210101,PUNO
28244,1.0,150133,LIMA
28266,14.0,010601,AMAZONAS
28290,1322.0,030414,APURIMAC
28338,17.0,211101,PUNO
28374,2.0,160201,LORETO
28448,150.0,040126,AREQUIPA
28456,543.0,130103,LA LIBERTAD
28966,206.0,120114,JUNIN
29151,6574.0,060901,CAJAMARCA
29247,8.0,250107,UCAYALI
29371,3.0,220205,SAN MARTIN
30057,8064.0,140101,LAMBAYEQUE
30151,72.0,060801,CAJAMARCA
30561,712.0,030417,APURIMAC
30564,1630.0,030406,APURIMAC
30934,133.0,160108,LORETO
30997,80.0,200105,PIURA
31179,2327.0,210301,PUNO
31235,78.0,200401,PIURA
31239,2.0,160210,LORETO
31294,4652.0,150111,LIMA
31671,240.0,160210,LORETO
31672,760.0,160201,LORETO
31694,8.0,090724,HUANCAVELICA
31850,19.0,010701,AMAZONAS
31879,286.0,250201,UCAYALI
31880,22.0,250301,UCAYALI
31881,38.0,250102,UCAYALI
32053,500.0,130101,LA LIBERTAD
32081,1704.0,080108,CUSCO
32158,1.0,070106,CALLAO
32194,1503.0,250105,UCAYALI
32247,32.0,250101,UCAYALI
32291,2.0,160206,LORETO
32314,14.0,020202,ANCASH
32365,106.0,150805,LIMA
32461,7.0,240102,TUMBES
32464,13.0,160201,LORETO
32465,2.0,160210,LORETO
32596,205.0,210101,PUNO
32601,1070.0,060401,CAJAMARCA
32615,78.0,220901,SAN MARTIN
32667,19.0,200104,PIURA
32672,35.0,200101,PIURA
32674,6415.0,030401,APURIMAC
32702,47.0,250302,UCAYALI
32739,2766.0,250107,UCAYALI
32741,825.0,110201,ICA
33027,137.0,220801,SAN MARTIN
33149,96.0,120301,JUNIN
33263,4.0,150116,LIMA
33334,179.0,010201,AMAZONAS
33381,34955.0,150103,LIMA
33384,67.0,160206,LORETO
33385,63.0,160206,LORETO
33456,32.0,060801,CAJAMARCA
33671,95.0,060601,CAJAMARCA
33999,2.0,150103,LIMA
34014,34.0,080801,CUSCO
34019,1190.0,150117,LIMA
34033,18.0,110210,ICA
34036,2100.0,110201,ICA
34097,20.0,220104,SAN MARTIN
34223,532.0,220901,SAN MARTIN
34252,2347.0,120401,JUNIN
34351,11538.0,030401,APURIMAC
34355,19646.0,150114,LIMA
34471,364.0,060101,CAJAMARCA
34726,549.0,200104,PIURA
34737,3010.0,040701,AREQUIPA
34853,4687.0,130704,LA LIBERTAD
34984,343.0,220901,SAN MARTIN
34990,1053.0,030410,APURIMAC
35125,6698.0,050116,AYACUCHO
35157,291.0,211001,PUNO
35159,102.0,210101,PUNO
35257,443.0,030409,APURIMAC
35260,474.0,100101,HUANUCO
35288,1482.0,210801,PUNO
35585,1.0,120302,JUNIN
35728,12.0,220402,SAN MARTIN
35735,292.0,150136,LIMA
35739,2.0,250201,UCAYALI
35955,2137.0,150101,LIMA
36034,4882.0,150514,LIMA
36405,735.0,200104,PIURA
36591,11.0,060801,CAJAMARCA
36594,865.0,050115,AYACUCHO
36660,2.0,080910,CUSCO
36675,1938.0,150115,LIMA
36760,2656.0,220901,SAN MARTIN
36790,396.0,030404,APURIMAC
36943,23.0,210101,PUNO
36980,87.0,211101,PUNO
37100,7.0,090301,HUANCAVELICA
37376,2211.0,050101,AYACUCHO
37540,1426.0,150507,LIMA
37579,40.0,120107,JUNIN
37919,2439.0,150142,LIMA
